14255,`` rufus king nathan dane dr. sir philadelphia 27. may 17 87 new york new jersey pennsylvania delaware virginia north south carolina represented friday convention proceeded appoint genl. washington president major jackson secretary. adjourned tomorrow flatter massachusetts connecticut georgia represented. maryland one delegate present uncertain colleagues arrive. nothing transpired present un- may 27 1789 opened condition business meeting furnishes reasonable grounds even conjecture result deliberations. observe great pleasure mr. parsons appointed representative newburyport opinion fortunate greenleaf left senate provided takes seat house. extremely anxious concerning situation mass. pray give time time information may obtain well relating disaffection western counties proceedings genl. court. return thing consequence shall turn quarter shall great pleasure give information thereof. farewel r king ``
14871,`` hugh williamson james iredell dear sir new york 5th january '89. favor 11th ult. came hand three days ago. post cold weather seems move slowly. glad subject new constitution citizens north carolina. 1 presuming cause prevented attendance last meeting assembly prevent attending next convention assembly shall case assure inhabitants edenton readiness serve make convenient attend representative town heartily wish shall offer serve counties delegate convention. may believe business much heart wish add small mite endeavors friends. january 5 1789 mrs. williamson 2 instant inquiring writing informed writing inhabitant edenton particular friend one best men well best lawyers america says either circumstances would induce present compliments united engage request would present tender esteem c. hu. williamson. ms found reprinted mcree iredell correspondence 2:248. 1 following north carolina 's rejection federal constitution august call second state convention adopted november 30 1788 although actually convene november 16 1789. 2 williamson 's recent marriage see john dawson james madison january 29 note 7. next section .. navigator ``
14872,`` robert barnwell john kean dr sir new york jan 10 1789. pleasure writing sometime ago 1 letter hope received contained agreable information good health relations acquaintances knew since satisfaction introduced number valuable characters amongst though head opinion mr. jay cause unknown self ever entertained highest estimation ability principle gentleman. neither official writings conversation gave room think predilection misplaced. happy talent distribution subjects closest reasoning impartial reports combine render proper person office holds seing hearing speak purity language excepted could believe transmigration souls. could readily distinguish spirit appearance belonged inspired hamden pym. politicks state present particularly interesting. spirit party might said rage. senate house representatives sitting albany devided sentiment upon mode choosing senators electors senate foederal majority four twelve house anti -- foederal majority eight thirty two. latter choosing abovementioned persons according principle state constitution. senate stickle appointment one senator half january 10 1789 electors. one case devide consequently almost render useless representation. vote state entirely invariably opposed new government. men character ability foederal principles city expect hope senate yield case probability neither appoint senators electors even considered better suffering unacommodating anti-foederal spirit commix government. certainly subject considerable import respects state union. respects state established system party gover n ment certainly tinge every transaction unconnected new government relates union snagg consideration question much disliked powers vested representatives direction times manners places holding conducting elections. question forbidding aspect painfull tendency. interesting business soon rather decided upon already. although intelligence received days shall hear issue delay dispatch letter apprehensive writing alone make pleasure informing next opportunity. doubtless wish hear whether made congress like. backwardness neighbouring members hath hitherto prevented us forming house although expect daily. able proceed business question considerable importance imagine gone upon subject agreement relating delivery fugitives part spain. conversation mr jay days ago point seems make leastdoubt d. de gardoqui treat upon seperately general treaty. us would important consequences unexpected part. generally spoken think improper speak. favor say nothing perceive impropriety. meant said something opportunity presses time request respectful compliments mrs kean assure much sincerity humble servt robt barnwell ``
14873,`` samuel a. otis jeremiah wadsworth dear sir new york jany 12th 1789 agreeably request inform carolina verginia pensilvania n jersey represented congress massachusetts n carolina probably days delegates expected wish see connecticut upon ground. congratulate upon election seat new government. 1 disappointed mine contrary well grounded expectations upon long practised public affairs misfortunes peculiar commercial prospects end induced solicit public favor. 2 find mr thomson accept clerk senate clerkship house advised offer candidate 3 either friendship influence would go far views never extended thro life decent subsistence bounds sanguine wishes aspiring hopes. sir approve proposition relates either appointments stranger honorable colleagues would mention pretensions would confer obligation. conduct clinton assembly alarming opposition open decided formidable. present respectfully mrs wadsworth agreeable family beleive esteem respect humble sert sam. a. otis ``
14875,`` hugh williamson samuel johnston dear sir new york 19th jany 1789 20th ult come hand 'till 17th inst. consider flattered additional proof state given confidence disposition serve. certainly duties agent settling old intricate accounts agreeable feelings commissions honoured state conceive state deeply interested faithful discharge duties cases public may profited service mine shall never shun office meerly laborious. shall therefore accept appointment discharge shall try deserve approbation state. 1 general commissioners congress arrived town think enter duties office day. 2 hope time lost forwarding charges vouchers state. honour utmost consideration dear sir obedt hble servt hu williamson ``
14876,`` samuel a. otis paine wingate dear sir new york jany 20 1789 permit congratulate upon appointment seat foederal senate 1 avail friendship long honored. disappointed election one massachusetts representatives 2 pretensions fairest prospects friends given expectation success appointed clerk senate informed mr thomson accept appointment prosecution object know various interests reconcile competitors. therfore request consideration pretensions without commiting. honor intimacy mr langdon requested friend mention views approve would oblige also mention honorable gentleman. commercial plans sensible unsuccessful altho striven hard stream adversity seems bear dispositions employed quite business. encomiast rest business. expected congress would session time disappointed 1st next month ought congress. assembly state apprehensive give possible opposition new goverment. know character mr clinton influence rather seems encrease. compliments mr gillman dear sir friend huml sert sam. a. otis ``
14877,`` tench coxe alexander hamilton dear sir 23d january 89 city applying legislature incorporation among lights availed corporation act city. experience points many defects wch. first strike observation much oblige noting things would advise us avoid. matters january 24 1789 omitted clauses act extraordinary value would wish notes extend. notes may brief time engagements permit make 28th 30th instant. 1 sir respectfully yr. mo. obedt. h. servt tench coxe ``
14878,`` hugh williamson james iredell dear sir new york 24th jany 1789 read inclosed may conclude dress verily thought forwarded long since contains good funnical remarks. hitherto appeard edenton good hand govr. laugh. genl. assembly state spending near 2 months pure wrangling time many felicity make clear saving one dlr per day length agreed divide state six election districts choice representatives new congress. 1 yet agree mode chusing senators. house commons want antis senate wish least one congress senators federal man. time ago wrote case state agree try effects new convention glad take seat chosen. great harm saying edenton may effectively represented convention assembly present member. best recollection convention sits near time superiour court newbern sits. nevertheless hope absolute interference able represent town convention though probably assembly. indifferent whether assembly object convention would also choice serve assembly also constitution adopted interesting business comes assembly. serve edenton capacities much better public case shall offer one counties convention think competition particular office great. serve convention shall glad serve town assembly shall offer serve one counties othercase conven- january 24 1789 tion. yet determined counties offer greatest prospect success. captn. collins disposed serve tyrrell business make inconvenient attend presume interest lake company might secure election convention county. county chowan double representation doubtless engage chief competition probably sundry candidates even two additional seats convention. shall thank advice whole business. pleased present mrs iredell ladies family respects believe great esteem dr sir obedt servt hu williamson ``
14879,`` tench coxe thomas mifflin sir new york 26th jan 1789. honor writing lines shortly arrival. 1 mr. gorham arr 'd since 2 five states every reason expect seven week ten days. state new york yet appointed senators appear probable appoint session. day electing representatives assured fixed 2d tuesday march government appointed meet 4th probably days unrepresented house rep 's. may favourable removal congress. conversation last night mr. gorham find mr. philips 3 purchased massachusetts lands line pre-emption western bounds new york opinion words new york cession congress operate transfer lands east erie congress course jurisdiction remains new york property vested grant new york massachusetts -- 't certain grant cession new york discovers considerable deficiency geographical information easily see sir recurring. substance new york continue south line along north line end latter far beyond throw particular part western waters western bend lake ontario 20 miles east line run extremity south line aforesaid 45th degree n. latitude. ascertained 20 miles east place contemplation contained within line fall far side erie. question january 26 1789 consequence geographical error. opinion slight examination leave purchase good. mr. gorham seems desirous law proves sell pennsylvania necessary remember doctrine deprives us jurisdiction new york probably part. think proper add mr. gorham raised question whether grant jurisdiction penns congress valid. loose hints sir upon important point fit form least public eye necessary superior characters government apprized difficulty attempted raised. purchase made indians mr. gorham co. part whole purchase state begins 82d mile stone runs along n. line 124th runs due n. great fork genesee river. tract country 42 miles e. w. 70 miles n. s. computed contain 2 millions acres divided townships 6 miles squares one hundred number. townships 35 sold lying n.e. quarter principally remainder genesee river. line yet unsold. appears clear accessible market part purchase must tioga renders settlement country beneficial thing us regard commerce evidently also regard defence indians. sell specie 14d 18d lawful per acre townships run expence subdividing remains. accounts situation king great britain renders death moment highly probable restoration vigor mind body live almost impossible. dropsical disease accompanyed symptoms excessive taint blood disorder inhis mind invaded whole muscular system. derangement funds england whose public credit ingeniously wonderfully extended debts became alarmingly great appears probable consequence change kings usual consequences change ministers principles systems. letters 21st novem bristol british king dead time. honor respectfully excellency 's obedt. humble servant tench coxe ms found reprinted pa. archives 1st ser. 11:539 -- 40. 1 found. according secretary charles thomson 's journal coxe arrived january 10. jcc 34:605. 2 nathaniel gorham 's arrival date see ibid. although official record attendance congress 1788 -- 89 gorham later claimed compensation attendance massachusetts delegate december 20 1788 march 19 1789 paid full july 11 1789. carson collection pp. 3 oliver phelps. see samuel a. otis james warren april 24 1788 note 2. january 27 1789 next section .. navigator ``
14880,`` tench coxe james madison dear sir new york 27th. jany 1789. fortnight time made congress. . carolina virga pennsa n. jersey massachussets represented. one member states rhode island n. carolina georgia none new hampshire connecticut n. york delaware maryland. much wish may make house week ten days think appearance europe perhaps even old congress full operation tranquilly yielding seats new would good effect. misrepresentations europe extremely gross must unfavorable effect upon emigration poorer ranks life. col. wadsworth mentiond president. respect much wish give appearance old system character rather celebrity. mr. adams would meet judgment better member present house. principal objection absence fear deprive chance. federal business pennsa. happily closed. electors senators federal seven reps. 1 -- eighth german doubt feel influence federalism countrymen actual also think rather fond public office feel federalism state. sentiments doubting opposed constitution. man private virtue patriotism judgment ignorant affairs pennsylvania. state politics constitutionalist latterly mild one prudent politician. state new york still retain impressions constitution. still decline elect senators upon legislative principles think absence two senate appearances determined avoid precedent conceding due legislative independence. two antifdlts merchant ontheir senate. massachussets pennsa. alone attended mercantile character senate 2 assist obviating objections commercial powers body. favor constitution possibly favorable interests union five six merchants. practice constitution opinion agreeable opposition many particulars leaders aware. particular instance fortunate senator man extensive political information landed property tho practical merchant friend pretty free system trade. think captious agriculturist senate find mr. morris tenacious principle injurious landed interest. january 27 1789 election new jersey electors federal. 3 choice senators augurs well regard reps. find doubt two fedts. among probably three think probably four. federalism jersey obligations inducements adhere union vigorous system federal politics pretty strong security good conduct representatives. re-election federalist senator new hampshire symptom continuance acquiescence state constitution. mr. wingate mean room mr. bartlett. 4 find think mr. adams v.p. also shews violent discontent. good symptoms also elections far known. massachussetts seems also evince feelings equally favorable connecticut still. understand however dr. johnson latter state mean remove senators reps. state offices. tho merely general republican reasons probably lose us individual two senate house reps. mr. ellsworth think mr. sherman state judiciary. great losses government adhere state appointments. delaware given us federalists altogether believe maryland. 5 detail wch. presume knew greater part think government well supported north side powtowmack even house reps. new york districts two federalists able ones hope. election virga. object great anxiety -- hope fear much presume ticket moderate portion federalism. sir examine list representatives see yet returned likely returned house able take lead scene kind iconfess feel apprehensions advantages opposition may gain speakers state greatest solicitude lest deprived support ticket may give us. sincerely hope find election secured. senate mind place cause required point view one seemed little probability legislature would favor pretensions federalist unless would elect. election would gain therefore wch. could perhaps otherwise secured senate never place fears rested. therefore felt little regret issue choice state. 6 house representatives scene utmost importance. 7 happily conducted little feared -- proves unfriendly great talents -- great exertions -- great public estimation favor leading friends necessary prevent serious evils -- induced countenance constitution unanimity senate would present circumstance avail little. election president seems likely unanimous. perhaps greatest personal point ever occur country secure -- feel cordial satisfaction considering beyond hazard. office v.p. seems destined mr. adams nearly pennsa delaware new england probably jersey. mr. rutlege understand pushed s. carolina mr jay candidate besides talked little support matter left. appears views. tho well qualified important station proper duties vp. render yet think would wrong draw office foreign affairs. treaties unformed -- alone knows whole negociations -- among way qualifying foreign negociation. much esteemed pennsa. votes influence would exerted present state question seat government. mr. adams esteemed people -- high ideas government -- friend property -- take feelings new england -- used forms legislative diplomatic business -- man pure private character knowledge abilities beyond proper duties v.p. indeed important. lose votes think north side maryland also seriously thought apprehension may outrun genl. hazard election latter. tho mind small hazard indeed pleased observe foreseen attended. mr. dawson assures letter reach sent office fredericksburg reason sending way. greattruth dear sir yr. respectful aff. h. servt tench coxe ``
14881,`` john jay arthur st. clair dear sir new york 28 jany 1789 days ago honored 's 13 last month. 1 contains much useful information reason regret foederal government circumstanced capacity take measures affairs require. sufficient number delegates form congress convened thought duty consult 2 answer proper given part letter respects conolly. 3 opinion watchful eye kept found chargeable practices mention either within jurisdiction one states apprehended delivered state offences may committed together evidence -- offences committed within jurisdiction best detain congress shall give orders subject. foederal tribunal general laws defining punishing treason united states -- congress sitting likely soon convened reasons leaving offenders judicatures states offences may committed new governmt. shall operation. think best suspicions intentions respecting conolly kept secret possible. less put guard better apprehended would expedient endeavour take papers also. apprehension would probably occasion national inquiries discussions previous attention paid obtaining establishing satisfactory proof facts may charged. promise pleasure writing next post 4 sentiments great esteem regard dear sir obt. hble servt john jay ``
14882,"`` tench coxe benjamin rush dear sir jany 29th 1789 recd. favors per post shall attend. 1 shall immediately forward mr. adams 's letter wish col. smith requested. proper mr. clymer mr. fitzsimons know discovered idea attempting declare seats state legislature vacant accot. election fed. house. 2 information must extended far coming. mr. wilson think consulted. argument clearly favor right present seats -- representatives congress elect sworn present seats vacated. senators new york lessen majority fed eralis ts. think two voluntary absences obtain method two senators congress among neither federalism mercantile knowlege probably. think cause appears good way. pretty large portion federalism house reps. state think certainly two fedsts. chance favorable mode electing. strange opposition consent mode quam ... jurdere ca. appears documents obtained exports new york 1788 worth £630,000 paper £567,000 specie. among large quantity flour delaware chessapeak. letter meant answer two favors first leisure shall attend. respectf. comps. mrs. rush dear sir yr. affectionate frd servt tench coxe p.s. read enclosed give respects mr. brown. january 29 1789 ``"
14883,`` john dawson james madison dear sir january 29. 1789 1 since wrote 2 nothing worthy attention presented six states floor viz massachusetts-bay new york new jersey pennylvania s. carolina virginia member rhode island north carolina georgia -- another member rhode island way one n.c. pennylvania. connecticut know come time therefore expect three four days nine states represented. colo wardsworth think chosen president. lately receivd address convention kentucky respecting navigation mississippi 3 laid congress meeting well aware difficulties attend business especially nine states represented favour surrender river spain number sorry include south carolina. business colo morgan court spain 4 mentiond philadelphia find much important first apprehended opinion prove interesting era american history furnisheth many arguments u. states insisting free navigation mississippi. lately seen letters hutchins remains dout emigrations new madrid great. long neighbours prove friendly spain soon cause repent policy doutful determind time. told presume heard left negociation foot france spain new orleans floridas exchan ge french islands. shoud event take place france pursues line policy hitherto observd may prove highly beneficial western country well kingdom. packet yet arrivd europe. privateaccounts say mr. fox gone house lords lord holland. consequence dispute taken place continued three weeks two houses assembly expected senators new government appointed state. house delegates january 29 1789 large majority unfriendly govert. wish make choice joint ballot senate insist one nominated shall elected. dispute end say expect fear seat govert. removd place induce sides less obstinate otherwise woud. 5 hear massachusetts late election one person mr thacher chosen act requiring majority whole make good appointment. 6 game may continue time friends sides become warmer second election confind two candidates votes plan first. williamson n.c. marrid days since miss apthorp beautiful girl twenty two. 7 appears much pleasd bargain -- may never repent. marchioness charges present best wishes. yr. friend j dawson ``
14884,`` john dawson beverley randolph sir new york. january 29th 1789. accept grateful thanks friendly letter 14 int. received yesterdays post. states massachusetts bay new york new jersey pennsylvania virginia south carolina represented 1 altho january 29 1789 make congress yet consider encumbent communicate executive state transactions come knowledge. receivd address congress convention kentucky subject navigation mississippi coverd letter president. 2 presented earliest moment answer presidents letter observd propriety acted present congress nine states represented ever favour surrender river spain. colo morgan treaty congress large tract land mississippi disgusted conditions annexd ordinance thought illiberal enterd plan mr. gardoqui spanish minister place settling large tract land bounded parellel cape cinque homme north parellel mouth st. francis 's river south mississippi river east extending west two degrees latitude containing country fine soil superior trade america. 3 transaction consider interesting nature probably produce remarkable era american history door opend united states loose many thousands best citizens. certain information morgan already enterd engagements respectable characters useful farmers tradesmen go new madrid next year number judicious people gone reconnoiter survey lands plan far superior congress lay ground large city nearly opposite mouth ohio shall judge expedient -- added circumstances sound assurances freedom religious matters -- free navigation mississippito new orleans clear duties taxes besides entitled commercial priviledges citizens new orleans enjoy king spain 's rich dominions inducements sufficient draw attention industrious enterprising -- altho lands ohio branches fine productive benefit drawn bare subsistance. without market productions consequently without commerce best inhabitants waters emigrate equally good lands west side mississippi peculiar priviledges induce oppose nations advantages hence discontents arise kentucky c goverment united states seperation ensue commercial treaties formd spain western anglo americans mutual advantage security. january 29 1788 yesterday secretary foreign affairs laid attending members congress letter governor western territory containd information interesting union general particularly state virginia. 4 gov. writes information depend colo conolly renderd fully conspicuous late war lately come detroit louisville -- apparent object journey settlement private accompts good reason believe employd lord dorchester lately receivd pension £200 stg addition half pay induce people kentucky either form connection great britain commit hostilities spaniards -- written number persons made communications genl. morgan. readily perceive sir want congress foederal tribunal coud nothing decisive business. however advisd secretary write gov. st. clair advise keep strict eye conolly found suspicions well grounded apprehended delverd state shoud taken -- careful papers c securd woud probably bring national discussion. doubt receivd information give taken proper steps secure mr. conolly mentiond suspicions well founded. however considerd duty make communication especially think business properly belongs state rather continent -- circumstances trust render apology length letter unnecessary. still remains doubtful whether senators appointed state houses adhering principle. however divided state districts choiceof members lower house made residence necessary. sentiments respect esteem honour yr. excellencys ob hum sert j dawson ``
14885,"`` tench coxe john nicholson sir new york jany 31st. 1789. beg informed first opportunity mode state pennsylvania settled militia. reason belive states paid charge usual pay soldier every necessary allowance money certificates make depreciation. accounts stated shall suffer settlement unequal unjust. messrs. gorham phelps livingston co effected sales 36 townships part grant new york massachusetts 14 18 even 22d per acre specie. supposed emigrants state 1789 5,000 men women children. peopling fast indeed respects opinion far behind us. exports tho employ much tonnage £550,000 specie. flour quantity 3 times -- wheat. could favor list exports pennsa. 1787 1788 much obliged. hope state pursue business roads take improving rivers. susquehannah delaware schuylkill attended summer appoint people explore. favor letter good enough let know objects importance likely occupy legislature session. comps. mrs. nicholson sir yr. respectf. h. servant tench coxe ``"
14886,`` samuel a. otis john adams dear sir new york jany 31st 1789 probably reach election vice president determined upon may venture congratulate sir hear competitor importance. january 31 1789 mrs adams col smith give minute acct public affairs particularly dispositions people state good information friend mr jay others power communicate. however notorious mr clintons interest powerfully exerted impede new government. legislature agree upon mode chusing senators expected early represented senate. five states represented congress altho think many days seven perhaps nine states. frequently enquired soon expected. honor write last 1 took liberty solicit interest appointment clerk senate encouragment friends success hope excuse reiterating subject. r h lee esqr r izzard esqr heretofore much politics choice men adoption measures gentlemen unknown could obtain voice flatter addition friends would give success. sir approve views feel times acknowledge obligation would. 2 unprovoked malice mr h 3 appointed naval officer port boston influence preventd election suffolk district. clerkship either house object young man time circumstances would important wholly business commercial prospects end however must leave pretensions speak burthensome importunity. compliments family connexions subscribe great sincerity sir obedient humble servt sam. a. otis ``
14887,`` abraham clark public mr. kollock new york february 1 1789 following desired may find admission paper. person desirous passing quietly life little show parade possible wishing rather deserve esteem obtain applause address public respecting must disagreeable cases improper yet others excusable duty. charge however false remains uncontra- february 1 1789 dicted readily believed. every man public life must expect pass ill well good report though calumniators often insignificant merit reply even occasion resentment yet may sometimes happen otherwise. present attacked openly public prints heard secret manner letters certificates c. sent privately every part state containing gross misrepresentations palpable falshoods order prejudice minds citizens coming election prevent appointed confidential trust trust much importance citizens new-jersey diffidence abilities execute proper manner advantage forbids attempt mine push. however duty well private public life remove every unjust illiberal charge especially present case coming persons disposition might render useful services community need name characters well known jersey also cause clamours may considered remote regard interest citizens state. letters certificates mentioned though intended private stabs number circulation become public notorious. one insinuations antifoederal enemy new government. charge antifoederalism general undefined nature followed enemy government thought worthy notice epithet frequently given dare venture suspect least defect constitution included far greatest part inhabitants united states far charge applicable leave impartial publicto judge. used every means power different stations filled obtain efficient government well known denied. plan new government appeared found wished expected perceived supposed parts bearing hard upon liberties people giving unnecessary powers administer never scrupled mention opinion desired. notwithstanding dislike parts considering situation united states provision made constitution amendments cheerfully gave assistance send states consideration 1 judging new-jersey local situation circumstances could propriety reject notwithstanding imperfections presuming time new congress would endeavor amend soon important business putting government operation would admit. yet hope expect proper time effected congress future general convention would inexpedient dangerous union leaving us without government years come. story industriously propogated made offers used endeavours convention jersey prevent ratifying constitution far true never exchanged one word remembrance belief one member convention subject constitution long ratification ever wrote one upon subject use means whatever tending rejection right thought proper constitution consideration right trust shall times necessary exercise without fear scruple liberties subject deliberation. brief near state sum total antifoederalism enmity new government pleased call. one opposers concurrence told others gone far obtain fabricate certificate 2 circulated state certifying tendered state securities discharge debt law purpose certain cases silly charge true trifling noticed great things expected publishers. truth never possessed kind certificate law authorized tender never person either tendered offered certificate kind payment debt sale except purchase land ohio. another insinuation civil gentlemen opposers draw inference shall promote dessentions government opposed certain gentleman 3 expected highest officer government gentleman high estimation preference others wish may appointment important station. insinuation told founded upon supposed transaction congress many years ago good reason believe never happened never heard intimation till months past. addition letters taken secreted direction altered sent contrary way intended order prevent seasonable discovery nefarious practices enemies. short statement facts duty obliges make public judge kind gentlemen contend shall however time make remarks upon illiberal indecent conduct leave farther measures may think proper pursue doubt continue busy confine truth alledge abilities equal important trust representative shall contend. strange attempt propogate falshoods errors probably committed long course public service one would imagine might mustered truths sufficient publish disadvantage. must conclude without observing present important crisis new united untried 4 government put operation every thing providence depends upon persons conduct unless wisdom cool deliberation direct councils dissentions probably arise may end final ruin may heaven prevent sincere prayer public 's obedient humble servant abra. clark mr. kollock since delivered piece publication 5 respecting certain matters propogated new-jersey informed authority doubt truth announced public paper printed trenton declined serving representative new congress. seen paper ignorant manner published whether letter forged name information given way intelligence either way wholly unauthorised void truth new piece villainy proceeding source former taken notice. way certain gentleman 6 filling high station brought forward election. may expected connection principles chief author false reports. representatives general cast commonality may indeed brought state supposes ought. request insert paper contradiction report declining oblige sir humble servant abra. clark 7 reprinted shepard kollock 's newjersey journal elizabethtown february 4 1789. clark 's letters also appeared february 10 issue francis childs new york daily advertiser shelly arnett 's new brunswick n.j. brunswick gazette weekly monitor. 1 congress resolved september 28 1787 send new constitution states. jcc 33:549. 2 bracketed words omitted supplied `` errata\ `` printed february 11 issue journal. 3 george washington. 4 `` untried\ `` substituted `` united\ `` `` errata\ `` printed february 11 issue journal. 5 letter. 6 apparently elias boudinot. 7 opposition clark 's candidacy election first federal congress rejection voters see doc. hist. first federal elections 3:36 91 105 109 116 -- 37. next section .. navigator ``
14888,`` tench coxe thomas mifflin dear sir new york 1st feb. 1789 addition letter council receive delegation 1 think may useful give information. yet congress certainty seven states would submit propriety applying secy. foreign affairs write governor canada permission enter british country make necessary astronomical observations information whether mr. ellicott necessary supplies provisions boats c. british posts. mr. gorman 2 massachusetts among purchasers cession property new york state opinion difficulties might arise geographers name capt. hutchins jonson 3 appear considered light officer leaving service time war. may well therefore thing sould prevent mr. ellicotts going keep circumstance mind. find among papers congress application capt. hutchins june last 4 take business would done days delegates prepared ceased quorum states. delay matter till new government meets throw great mass objects go. therefore think proper apply mr. jay council approve step without least delay. variety important considerations respecting western territories united states would strongly recommend government pennsylvania intersection county northumberland land water communication leading lake erie year. improvement proper necessary done ground alone probable course events south western country renders highly advisable move spring. dear sir affectionate respectf. servt tench coxe ms found reprinted pa. archives 1st ser. 11:542 -- 43. 1 pennsylvania delegates george ross february 2. 2 nathaniel gorham. 3 intrusion `` jonson\ `` apparently printer 's error. 4 june 16 letter thomas hutchins congress enclosure pcc item 60 fols. 331 -- 38. february 2 1789 tench coxe benjamin rush dear sir new york feb. 2d. 1789. enclose letter handed mr. john livingston informed deliver mr. mcclay. appears next certain new york appoint electors. 1 senators possess neither federalism mercantile talents appear probable one mercantile man representation. thus execution plan governmental laws danger comu nica ting commercial arrangements bare majority. new england reason believe unanimous mr. adams. jersey maryland yet undecided. wish man fear hazard general 's election. congratulate determination maryland election. things look well. fear shall influencial congress federalists. wish would suggest gentlemen government propriety putting inside state house repair furnishing apartments want. would possible take floor assembly chamber room give airy appearance admit gallery pillars. please ascertain height ceilings room. house reps. room 36 feet 2 vault 38 feet high. gallery south side another gallery senate. wish would talk active zealous gentlemen. citizens ought attentive gentlemen come thro place new congress -- please also mention -- also ladies. tis point alone new york injures exceeds us. trying ascertain defects appear practice new york corporation find body considered view. different people fellow citizens. take new york half acentury equal us sensible modes life politics science even stand still. see every day dangers inconvenience want information among people large. want federalism state arises principally want knowlege among yeomanry. therefore strongly recommend establishment free schools counties city already done particularly among invaluable body people germans. see fellow citizens done honor elect manufacturing board shall stick closely. daily see advantages. mr. bingham ought complimented vice presidents chair. mentioned. came away hoped would attended. wrote fully col. smith enclosed letter braintree. matter train well. inactive. thank much part letter relates. genl. stewart 2 candidate manufacturing board think seen certain symptoms desire. beg favor republishing part letters conversation often must use ideas language. city build courthouse year hope -- begin early. affectionately yrs tench coxe p.s. send enclosed mr. hall respects ``
14889,`` cyrus griffin beverley randolph sir n york feby. 2 1789. papers delivered major croghan shall faithfully canvassed congress may assemble -- possibly present week -- full state business transmitted excellency council. 1 executives larger states directed one delegates upon pay remain n government convene order attend board commissioners siting explain accounts c. 2 perhaps may salutary high degree excellency council shall opinion think proper entrust could objection pass summer upon business. events object important. honor sir profound regard excellency 's obedient servant c griffin ``
14890,`` pennsylvania delegates george ross sir new york febry. 2d 1789. honoured communication executive council 23d ultimo. 1 ideas suggested geographer last summer measures adopted congress facilitate completion survey. honor great regard obedient humble servants james r. reid tench coxe. ms found reprinted pa. archives 1st ser. 11:543. 1 vice president ross 's january 23 letter pennsylvania delegates see ibid p. 537. ross asked delegates determine steps taken congress obtain permission governor canada american surveyors enter british-held territory `` make necessary obsevations\ `` ascertaining boundaries `` triangle\ `` land recently obtained pennsylvania lake erie. see also tench coxe thomas mifflin february 1. next section .. navigator ``
14891,`` samuel a. otis james madison dear sir new york feby 4th 1789 notice hae pleased honor hope apologize freedom upon subject quite personal. fairest prospect parted election one districts massachusetts life clouded dissappointment failed also expectations. however contemplated object rather precarious means subsistence commercial prospects end train misfortunes february 10 1789 object ambition bounds wishes presume interest good obtain clerkship either house might keep view something better hereafter give present employment perhaps decent present support. friends encourage senate doubtless shall many competitors. unknown mr grayson mr lee could obtain countenance would greatly facilitate views. shall say nothing merits let pretensions speak. know stand fair. sir highest confidence application meet canodur success. several weeks attending colleagues expectation congress confederation appears doubtful whether nine states ever assemble. ny assembly still session mr clinton makes possible opposition vain. event think state seasonably represented house ``
14892,`` charles thomson john e. howard sir office secretary congress february 9th. 1789 acknowledge receipt letter excellency honor write 27th january together letter directed honorable house representatives united states containing certificate persons elected representatives state. 1 shall fail lay house soon convened. honor ca ca c.t ``
14893,`` south carolina delegates thomas pinckney sir new york february 10th. 1789. honor acknowledge receipt excel- february 12 1789 lency 's letter 2d december last accompanied copies talk cherokee indians letter mr. mcgillivray 1 shall lay congress whenever opportunity occurs. present house business altho time past reason expect attendance sufficient number states purpose. also receiv 'd excellency 's letter 20th january list pensioners monies advanced state resolution legislature respecting bounty lands officers soldiers south carolina line. papers shall deposit proper offices. 2 respect sir excellency 's obedt. servts thos. tud. tucker 3 ns eveleigh robt barnwell ``
14894,`` tench coxe benjamin rush dear sir new york feb. 12th. 1789 favor 5th glad find electors attend. 1 convinced jersey connecticut thrown away votes mr adams andgiven rest genl. w. united voice free people -- transcendant honor infinitely beyond proudest triumphs ancient times. mr. scotts resignation unfortunate probably let mr. finlay 2 unless sense danger greater exertion hope. federalists alas men discover sad proofs. mr. scott never sworn rep. elect. therefore clear state legislature competent without writ fed. government. hope proceed way. content effects publications -- perfectly -- freedom speaking writing acting remains shall find liberty pursue public interests february 12 1789 way. trust exertions favor great cause produced upon issue good effects ever hoped. know injured private interest materially. public end consider obtained duty calls pay better attention private concerns. seriously entertaining opinions dispense powers honors seat would render slave put responsible situation. solid reasons assert popularity injured throughout union intemperance injustice enemies. much disclose public men public things frequent meetings shall give opportunity. mean time continue love country. mr. adams undoubtedly v prest. mr. jay entre nous would objected think -- without views higher situation future day. good use may made business government. seen mr miller call day one oclock shall deliver pacquet inform introduction mr. dilly. ship sail sunday. wish mr. scott may persuaded serve. resignation unfortunate. tho think shall well even finlay gets things appear. king england remains insane regency seems like agitate two houses extremely. mr. fox 's doctrine wild equally dangerous future incumbents sovereignty -- lords commons gb. may assured sober opulent patriotic part nation extremely uneasy prospect governing prince. private letters clear full point. help thinking present moment awful one english nation -- one wisdom america may infinite gain. accot. germans reprinted. gives great pleasure hereto see much history invaluable body citizens. spoken member german society send number copies thro members europe. baron steuben president mean wait upon purpose. far germans emigrated continent human happiness uniformly increased. let us labor steadily vigorously prosecution measure soundest policy dictates benevolence virtue commands. dr. sir affectionate frd tench coxe ``
14895,`` james r. reid john nicholson dear sir 12th. feby. 1789 n york wish informed following questions. state pennsylvania become paymaster bona fide debts brought estates persons attainted far amount sales go. estates sold depreciated paper state obligate discharge debts good money. 1 shall take liberty ask friends assembly go -- one mind monster one body multifarious head. improved much winter commerce manufactures -- standing dishes us -- although generally brought cold table. oh philadelphia. thou source light parent genius better stars directed birth breathed happy air opened eyes land light. entitled patrimony least dividend -- alass. half blood. comparisons always odious must indulged comparing old weather beaten soldier worn misfortunes battles -- fine gentleman behind counter adept urbanity perfectly skilled polite art bow making. little serious really taught believe neither genius information philadelphia. intended asked two short questions see wandered. give best respects mrs nicholson ladies acquaintance. dr. sir freind servant james r reid ``
14896,`` hugh williamson james iredell dear sir new york 12th feby. 1789 22nd ult came hand yesterdays post. mrs dawson daughter seen delivered message sent good health request present family respects. mrs. williamson says considers flattered wish two three respectable gentlemen expressed seeing inhabitant edenton way place marked residence says afraid expectations may founded descriptions qualities children flattery. written sundry friends shall offer edenton assembly convention serve serve town assembly offer county convention. letter states fact afraid viz courts prevent serving assembly. think probable may home election. farther evidence take respecting object late appointmt. must collected state may require attendance col. thomas. 1 case shall try come wish time make arrangements settlement family. way wish growing attachment domestic life may become strong. wish ever possess absolute apathy want concern interest nation often blamed others whose services country claim. good give furtherance inclosed believe perfect esteem dr sir obedt servt hu williamson ``
14897,`` james r. reid nicholas gilman dear sir new york 14th. feby. 1789 find agreeable acquaintance brother 1 well informed clever fellow. hope soon hear succeeded political views shall expect see time death made congress yet know whether shall able make testament. five states. february 15 1789 thinking puting helm come office new government. collector 's pennsylvania object stand well many senators personally acquainted good opinion others must effected friends mr. windgate unfavourable. smallest acquaintance mr. langdon fame makes acquainted character disposition paints aimiable flattering point view. therefore must solicit exertions favor know unpleasant task long friendly acquaintance. given ten years prime life country -- circumstances independant leisure attend public business. god bless may live good old age beget many sons daughters wish prayer dr sir sincere friend obedt servant james r. reid ``
14898,"`` tench coxe robert r. livingston sir new york feby 15th 1789 last honor exchanging letters subject improvements pennsa. expressed wish informed progress future. road tacona mountain 80 miles due north philada. 20 miles west walpack ferry delaware common boundary judiciously cut quite common boundary strikes perches 1 west 5th mile stone. best reason believe soon joined road little north state. ten miles south boundary road branches tioga wch. passage cut also -- latter route 62 miles former 70. tioga road 15 miles e. end found injudiciously cut wherefore branch road immediately opend place ten miles lower first tacona road place tioga road salt lick creek crosses made fit waggons early year. state sold consequence roads £1,000 paper worth 2,000 dollars given 250,000 acres land -- 100 new engd. families since bought leased state landholders preparing move attention swarming counties considerably diverted kentucky february 15 1789 niagara. encouraged circumstances state instituting improvements kind quarter extending views land water communication lake erie state lake ontario tioga several lakes give rise seneca river. enclosed message executive shew something business better comprehend inform swetard fine branch susquehannah tulpohochen schuylkill approach without art expence within 20 miles. navigation delaware another object government two judicious committees landholders appointed push business north portage connected. several objects kind contemplation reasonable pecuniary aid given legislature -- also exertions landholders. pennsylvania influenced two considerations business one ought also influence state -- affords cogent reasons exertions part. government people alarmed great emigrations kentucky ohio british lands. see laws made restrain make could executed. think therefore indispensibly necessary counterwork movement every equitable measure. opening roads thro heart new country thus exposing unsettled millions eyes emigrants carrying conveniencies knowlege religion doors judicious moderate expenditures. second place find pursuing plan new field commerce opened us inattention neighbours. fur trade lakes erie ontario go waters laurence ports grt. britain might diverted new york herchannels. interests union impel us bring state. interests pennsylvania induce us divert. speak plainly sir best matters much importance. tis wish reach common cause us competing kentucky niagara settlers great britain fur trade. tis also wish enter liberal competition us trade commerce great tracts lie waters susquehannah delaware. pennsylvanians say thus much citizens two congenial states members confederacy tis best open make common cause absolute common interest. honor sir mo. respectf. h. servt tench coxe 2 february 21 1789 p.s. bill pending believed pass legislature enable aliens purchase hold lands pennsa ``"
14899,`` charles thomson samuel huntington sir office secretary congress feby. 19th. 1789 recd letter excellency honor write 5th 1 together packet directed honble. president senate appointed sole purpose receiving opening counting votes president first wednesday march 1789. packet shall fail deliver soon president appointed. great respect c. ``
14900,`` samuel a. otis john adams dear sir new york 21st feb 1789 nothing interesting quarter except papers contain shall enclose informing general washington majority votes even admiting known lost. 1 quite leisure arrangements want made befor col smith returns may freely command. friend humble servant sam. a. otis 2 p.s. compliments col smith family ``
14901,`` hugh williamson william blount dear sir new york 22nd feby 1789 inclosed extracts excuts three news papers. daily 17th inst see taken liberties n carolina publication contrived work col robertson 's advertisement article intelligence benefit western friends. 1 papers since taken article intelligence daily advertiser. another paper 12th inst sensible letter mr madison 2 might reconcile moderate antifed supporting good federal man vote c. another paper 17th 3 article alexandria head respecting kentucke people looks serious think probable. considering many letters write expect long. dr sr yrs hu williamson 4 ``
14902,`` hugh williamson samuel johnston dear sir new york 26th feby. 1789 received letters western country march 1 1789 learn treaty concluded behalf u.s. govr. sinclair numerous tribes indians viz wiandots delawares chippeways ottowas potawatimas munsees sacs part six nations. 1 27 chiefs signed treaty. treaty defeats hopes brant half blood bitter enemy much attached british time attempting form general indian-confederacy great reason hope western settlers partake benefits treaty cherokees creeks invited confederate hopes union probable turbulent. best recollection general assembly session fayette ville year 1786 appointed commissioners genls. rutherford person third person review claims supposed improperly settled mcculloch hamford macken make proper deductions c. informed commissioners finished begun work. absolutely necessary finish accounts. state good claim mony advanced paid continental line army good grace charge claims good ones allowed commissioners last mentioned published respecting extraordinary business. claims doubtless good state suffer loss. submit consideration whether public interest require revisal accounts made soon possible. utmost consideration honour dr sir obedt. servt hu williamson ``
14903,`` tench coxe john adams sir new york march 1. 1789 recd. letter friend doctor rush contained enclosed pacquet 1 honor covering lest col. smith left massachussetts since taken liberty sir pleasure add information conceive may pleasure receive. returns virginia recd. far nine six friendly three unfriendly constitution. kentucky district unknown. hence appears dispositions virginia constitution become favorable. march 1 1789 private letters s. carolina confirm probability running mr. rutlege vice president great pleasure sir congratulating certainty election much acceptable proper character honorable appointment. vessel georgia write brings information genl. washington would votes presidential electors reps. probably federalists. seems doubt john lawrence esqr. ezra lhomedieu esqr. represent two southern districts state tho uncertain whether person friendly constitution carried four districts. last advices render doubtful whether legislature concur mode electing senators tis probable later advices albany. law great importance passed pennsa. altering nature tenures. foreigner time purchase enemy may buy hold lands state. order make deviation feudal system safely law confines right ensuing three years. yet 8 millions acres land sold state. many great tracts finely situated extraordinary quality. following gentlemen arrived. federal senate messrs. langdon wingate strong johnson ellsworth house representatives messrs. thatcher gilman leonard gerry ames huntingdon tucker. several others mentioned 3d. jersey election yet closed. seems doubt well disposed candidates known friendly constitution except one know pretty well fears. wisdom temper sir prospects appear comfortable feel firm confidence indispensable qualities good governors bewanting. respectful comps. mrs. adams massachusetts col. mrs. smith honor sir yr. obedient humble servant tench coxe 2 ``
14904,`` samuel a. otis caleb strong dear sir new york 2d. march 1789 written several times upon subject appointment clerk honble senate. 1 recd answer right expect one. wish fair comparison pretensions competitors none plead experience sufferings public service great. fact young men without much experience. mr alden son law doctr johnson deputy secretary sir contrast public departments filled needless. upon scale liberality doubt shall viewed honble senate know shall upon footing submit. shall add approve views competitors powerful active. know whether election immediate would much favor pos pone neither mr adams mr dalton fast friends ays. mr mathew bearer faithful attentive messenger congress asks patronage capacity honbe senate. dear sir esteem regard sam. a. otis ``
14905,`` hugh williamson james iredell dear sir new york march 2d 1789. thing write taken pen tell writing frequently future must passed account privilege franking letters 4th instant 1 conscious worth trouble reading much less expense postage. considerable debate among citizens new york whether lawyer merchant federalists shall represent district new congress. 2 election comes soon seems length agreed support lawyer. gov. clinton hard run moderate antifed started c. hu williamson march 2 1789 ms found reprinted mcree iredell correspondence 2:255. 1 see also following entry note 2 williamson samuel johnston march 23 note 2 april 27 note 2. district two new york 's six congressional districts `` city county new-york part west-chester county.\ `` lawyer former congressional delegate john laurance merchant john broome president new york city chamber commerce. see doc. hist. first federal elections 3:192 452 558 560. laurance 's overwhelming victory see ibid pp. 488 -- 89. next section .. navigator ``
14906,`` hugh williamson samuel johnston dear sir new york 2nd march 1789 4th inst. members congress new form government take seats hitherto made congress. members several states ought attended original form home attending elections new form hence six states together. since middle october last heard collegue dr. white. convenient attended presume obtained permission state deliver remainder claims. matters circumstanced must try introduce act june 24th last. 1 col. thomas brings papers shall know remains done case board commissioners hesitate receiving reasonable claims made states allowed shall fail apply redress new congress. think probable privilege franking letters day may disputed post office. 2 case considering uninteresting letters generally persuaded admit ought write less frequent however shall fail inform measures taken seriously attempted taken new congress may seem manner interest state. sentiments perfect respect honour dear sir obedt servt hu williamson ``
14907,`` charles thomson unknown dear sir 1 new york march 7. 1789 sorry inform apprehensions suggested last 2 realised. delegates states appointed conduct business union congress till meeting new government assembled sufficient number form house consequently opportunity laying letter getting inserted minutes. wish informed done whether would desire remain among papers late congress returned. shall wait orders mean accept fresh assurance sincere esteem regard dear sir old friend humble servant cha thomson ``
14908,`` cyrus griffin beverley randolph march 9th. 1789. honored excellency 's letter 13th feby 1 morning. understand person appointed come forward accounts state united states certainly would mentioned. 2 colonel davies man proper answer purpose think found extremely useful. 3 board commissioners met 17th january ready act upon business destination. 4 favored also returns nine representatives virginia enclosed excellency shall deliver colonel white member present state. 5 eight senators 18 representatives assembled -- unfortunate thing. kind accept enclosed papers 6 believe sincere respect attachment excellency 's obedient servant c griffin 7 march 9 1789 ``
14909,`` hugh williamson samuel johnston sir new york 9th march 1789 4th inst. according appointment sundry members new congress viz eight senators fourteen house representatives met public buildings city 1 since time members old congress attempted form house new congress remainder chiefly gon e home. observe printed journal 2 winter able form congress seven states whence power bring forward instruction last general assembly state pleased give delegates. 3 true seven states represented congress one time another last three months viz new hampshire massachusets new york new jersey pennsylvania virginia south carolina n. hampshire n york n jersey never chanced present together. attending members general communicated purport instructions opinion request state granted fortunate collegue doubt obtain 'd full permission state deliver remainder claims. whatever inclination may occasionally borrow holyday power assure time received instructions state absent chamber congress single day usual time meeting lest forming congress chance prevented interest state suffer absence. case board commissioners shall refuse receive new vouchers claims may offered state shall think march 11 1789 duty petition new congress subject present think shall find difficulty whole claims examined. formerly took liberty mention eastern states large claims bounties recruiting service. lately examined accounts future occasion shall give particulars. observe members new congress hitherto arrived chiefly eastward presume house formed several officers chosen southern members arrive. may first distorted effects expected seat congress far distant center union. utmost consideration honour sir obedient hble servant hu williamson ``
14910,`` charles thomson james lovell dear sir new york march 11. 1789 received letters 17 jany 20th feby. first delivered mr fenno informed attempting living line business wherein might serviceable. 1 plan explain yet seen published intimated would case know serve oblige. last honor receive mr ames glad find keep spirits. heartily wish success application continued office hold. 2 favour present possession lawyers say eleven points law opinion entertain industry abilities punctuality integrity confident easily obtain vouchers worthiness continued. report mentioned never heard think ought discourage least writing applying directly president general. persuaded goodness heart head whatever impressions letter mention might made time march 11 1789 obliterated least remain strong prejudice reasonable pretensions time. far may power service altogether uncertain. office honour serve united states almost fifteen years end. whether exercise new government think may usefully honorably employed know. rests. farther use shall retire farm pray success administration happiness prosperity country lived see unfettered shackles tyranny put capacity great glorious happy. whatever situation shall always happy opportunity testifying esteem respect dear sr obedient humble servt cha thomson ``
14911,`` charles thomson winthrop sargent sir new york march 11. 1789 received favour 15 jany 1 together official communications containing copies laws acts public records 9 july 1788 31 december inclusive. 2 presume consider transactions indians part `` public records district\ `` `` proceedings governor executive department\ `` therefore omitted sending. resolution 3 oct 1787 14 augst. last powers duties emoluments superintendant indian affairs united governor resolution 5 month oct. 1787 consequence office governor directed hold treaty indians within limits united states inhabiting country northwest ohio transactions indians important part duty submit consideration whether proper future make part records district. 3 read attentively honour 's letters judges much pleased. examined original entry ordinance government terri- march 21 1789 tory united states northwest river ohio sentence `` governor judges majority c\ `` comma `` governor\ `` none `` judges\ `` honor 's conjecture well founded interpretation apprehend right. new congress yet formed badness roads prevented attendance southern members. soon capacity proceed execution business laws transmitted shall laid. mean accept assurance esteem regard sr obedient humble servt cha thomson ``
14912,`` charles thomson states sir office secretary congress. march 18th. 1789. honor transmit excellency herewith enclosed two copies thirteenth volume closes journal united states congress assembled. 1 change made much wisdom order tranquility may answer end proposed promote secure happiness prosperity glory union fervent prayer. honor greatest respect excellency 's obedient humble servant cha thomson ``
14913,`` charles thomson george read dear sir philadelphia march 21st 1789. received favor letter 14th mr. bassett shall happy show civilities power extremely mortified come. feel honor solicitous happiness country pained heart dilatory attendance members ap- march 21 1789 pointed form two houses averse new constitution unfriendly liberty consequently happiness prosperity country exult languor inattention public concerns flatter shall continue time past scoff enemies. almost three weeks since day appointed meeting two houses commencing operations new constitution enough arrived form either house count ballots see elected president vice-president. 1 must world think us. particular mortifies respect every reason believe absence alone monday next prevent senators forming house 2 time reason believe sufficient number form house representatives eyes continent turned great important business union stand. must therefore friend intreat lay aside lesser concerns private business come immediately. house full distance home great conveyance stage easy safe rapid roads good may doubt obtain leave return settle business may leave unfinished. pleased present compliments lady. write confidence friendship sincere regard old friend humble servant charles thomson ms found reprinted william t. read life correspondence george read philadelphia j. b. lippincott co. 1870 p. 474. 1 counting electoral votes president vice president joint session congress april 6 see doc. hist. first federal congress 1:7 -- 11 doc. hist. first federalelections 4:161 -- 66. 2 difficulty senate forming quorum first obtained april 6 read 's first attendance april 14 see doc. hist. first federal congress 1:3 -- 7 14. next section .. navigator ``
14914,`` hugh williamson samuel johnston dear sir new york 23 march 1789 inclosed letter 1 good forward col. thomas. informed board commissioners sitting time public papers state virginia come hand glad see seeing done comparing charges states may determine whether thing remains done. perhaps may necessary make application new congress subject remaining claims form march 30 1789 opinion col. thomas shall arrive. possibly may find proofs vouchers collected state case shall attempt labour summer. already longer home expected left edenton doubted wish devote days private concerns. would borrow much week service state never charged truanting. hitherto consider service state member congress shall continue till new government operation hence claim right franking letters 2 mean attend diligently board commissioners see possible whether thorough acquaintance charges states use us statement. report town king spain dead -- one sons son 's wife certainly dead small pox least mr gardoqui mourning account. king dead shall soon find measures pursued respecting mississippi. subject information venture commit paper without cypher. subject deeply concerns state many citizens never lose sight hope occasion able shew head done state service. honour utmost consideration dear sir obedt servt hu williamson ``
14915,`` hugh williamson samuel johnston sir new york 30th march 1789. vessel wilmington received letter dated 13th inst. following paragraph viz `` french consul state 1 know resides informs vessel north carolina future admitted enter port french west indies unless clear port wit wilmington.\ `` though instructions head conceived measure passed without diligent attention since probable three fourths vessels bound french west indies pass oc r acoke oblige vessels call wilmington would insufferable. present situation state doubtless singular formally union claims treaty march 30 1789 definite privileges. mean time knowing state considered foreigners growing much importance take granted shall presently confederate presumed representations delegate north carolina would neglected. accordingly prepared memorial subject late regulation put hands minister france. 2 also stated length consul general france 3 objections measure. shall trouble transcript papers sure justice believe public servant endeavoured commit honour state. must however observe general never occasion converse gentlemen subject respecting commercial interest state seemed desirous meet wishes promoting interest. respect regulation question satisfaction observe need apprehend troubled complaints merchants subject. trade permitted move usual channel till better one formed think time far distant citizens state must profit considerably commercial regulations court france probably agree. utmost consideration honour sir obedient humble servant hu williamson ``
14916,`` charles thomson robert morris dear sir new york april 7. 1789 express anxiety feel determination taken retire private life many friends love esteem express earnest desire continue public line. afraid rate abilities high. sure rate much higher deserve. shew unwilling devote public service make proposition keeping april 14 1789 great seal duties thereto annexed annexed custody care papers belonged late congress committed office made depository acts laws archives congress salary continued late congress granted stile secretary senate united states congress besides necessary clerks allowed deputy pleasure senate may nominated appointed ordinary business house may necessity attending except special occasions great business nation deliberation. proposition approved senate acceptible ready serve utmost power. least till present government organized begin take due tone. otherwise must pursue first determination retire private walk anxious wish earnest prayer measures present government may prove effectual secure tranquillity promote happiness glory united states. 1 sentiments sincere esteem respect honor dear sir obedient humble servt cha thomson 2 ``
14917,`` charles thomson john langdon sir duplicate mount vernon april 14. 1789 obedience orders received 6th month left new york next day proceeding unremitted diligence fast storms tempests bad roads high swoln rivers would permit arrived place morning. 1 found general home common compliments salutations took early opportunity address follows. 2 april 14 1789 `` sr. president senate chosen special occasion opened counted votes electors presence senate house representatives honoured commands senate wait upon excellency information elected office president united states america. commission entrusted account long confidence late congress charged duties one principal civil departments government. `` sir inform proofs given patriotism readiness sacrifice domestic ease private enjoyments preserve liberty promote happiness country permit two houses harbour doubt undertaking great important office called unanimous votes electors voice america. therefore command accompany new york senate house representatives convened despatch public business. `` executing part commission personal gratification coincides duty shall wait time wholly governed convenience.\ `` delivered dispatches. president made short reply 3 concluded informing would ready set day morrow arrangements made mind daily stages may 7 8 days time reaches new york. dutiful respects senate honor sr obedient humble servant cha thomson ``
14918,`` charles thomson john langdon sir new york april 24 1789. pursuance orders received senate 1 left new york tuesday 7th present month though much impeded tempestuous weather bad roads many large rivers cross yet unremitted diligence reached mount vernon seat excellency general washington tuesday 14th 12 o'clock. found excellency home communicating object mission substance instructions took opportunity day arrival address follows `` sir president senate chosen special occasion opened counted votes electors presence senate house representatives honored commands senate wait upon excellency information elected office president united states america. commission intrusted account long confidence late congress charged duties one principal civil departments government. `` sir inform proofs given patriotism readiness sacrifice domestic ease private enjoyment preserve liberty promote happiness country permit two houses harbor doubt undertaking great important office called unanimous votes electors voice america therefore command accompany new york senate house representatives convened despatch public business. executing part commission personal gratification coincides duty shall wait time wholly governed convenience.\ `` excellency pleased make following reply 2 `` sir long accustomed entertain great respect forthe opinion fellow-citizens knowledge unanimous suffrages given favor scarcely leaves alternative option. whatever may private feelings sentiments believe give greater evidence sensibility honor done accepting appointment. `` much affected fresh proof country 's esteem confidence silence best explain gratitude -- realize april 24 1789 arduous nature task conferred feel inability perform wish 3 may reason regretting choice. promise accomplished honest zeal. `` upon considering long time gentlemen houses congress new york anxiously desirous must proceed business deeply public mind appears impressed necessity immediately find liberty delay journey. shall therefore readiness set day to-morrow shall happy pleasure company permit say peculiar gratification received communication you.\ `` excellency set accordingly thursday 16th. progress retarded tender affectionate leave neighbors friends took congratulatory addresses obliged receive way testimonies public esteem joy necessary pay attention several states passed might occasion little delay possible commenced journey every morning sun-rise continued incessantly throughout day supported fatigues eight days successively till reached place. 4 happy safe arrival yesterday terminated commission submit conduct execution judgment senate honor great esteem respect sir obedient humble servant charles thomson ms found reprinted walter lowrie et al eds american state papers documents legislative executive congress united states 38 vols. washington gales seaton 1832 -- 61 miscellaneous 1:5 -- 6. addressed `` president senate.\ `` 1 see thomson langdon april 14. 2 forthis exchange thomson washington see also washington papers abbot presidential series twohig 2:54 -- 57. 3 point washington 's original reply words `` however that\ `` appeared. thomson 's suggestion deleted report senate see following entry ibid pp. 56 -- 57. 4 washington 's triumphal journey mount vernon new york april 16 -- 23 see ibid pp. 59 -- 65 77 -- 87 101 -- 2 105 -- 10 washington diaries jackson twohig 5:445 -- 48 freeman washington 6:167 -- 84. next section .. navigator ``
14919,`` charles thomson george washington sir new york april 24. 1789 intended waited upon person submited april 27 1789 inspection enclosed report 1 prepared send senate interruption visits able finish time receiving visits. meant submitted consideration whither words `` however that\ `` answer pleased honor might omitted. 2 excellency see part report exceptionable would wish altered permit visit privately wait upon time pleased fix. mean time hoping excellency recovered fatigues journey honor sincere esteem respect excellency 's obedient humble servt cha thomson ``
14920,`` charles thomson charles pinckney sir new york april 27th. 1789 received favor letter -- -- transmitted two sets journal congress 1788 one legislature executive. letter accompanied dated 18th march 1 direct conveyance place sent philadelphia request postmaster forward first vessel port bound charleston confidence time must received send two copies journal 1787 one legislature executive branch government. complete set likewise send herewith journal 1787 1788 shall always happy opportunity testifying sincere esteem respect honor sir obedient humble servant c.t ``
14921,`` hugh williamson samuel johnston dear sir new york 27th. april. 1789. receive copies laws sundry states april 27 1789 forwarded according recommendation congress 1 use legislature state. informed whether state returned like copies laws information legislatures states. thursday next president united states g. washington take oath enter upon duties office. new form government commenced privilege franking letters member congress probably disputed. 2 apply wholly business public accounts weeks must elapse commissioners united states make progress. one member board taken seat congress representative georgia mr. baldwin special vote congress two board allowed act unless third present. third commissioner must therefore appointed president 3 authorised make appointment untill congress shall taken measures purpose revenue system engages attention present time must necessarily pass third commissioner ready act mean propose visit n. carolina collect evidence think may avail considerably settlement accounts. convinced usefulness evidence rules board commissioners already laid general government respecting claims particular states. however attentive board commissioners observe hitherto considered member congress might better avail oppertunity serve state access public offices c. obvious revenue system congress must inevitably press much weight commerce n. carolina. duty one dollar per hhd. lime iscalculated meridian rhode island spermaceti candles cheese malt like operation hitherto n. carolina treated respect talked duties naval stores corn try possible beg indulgence another year. foreign tonnage duty half dollar per ton must nip trade suppose 500 vessels clear annually n. carolina states union number much greater vessels 40 tons must pay ten thousand dollars tonnage tax value produce must reduced monopoly. mean time see means particular grievance escaped procrastinated. measure would great use us union promoting ship building. honor c hu williamson april 30 1789 ``
14922,`` charles thomson sundry printers sir circular office secretary congress may 1t. 1789 request transmit account newspapers first may give directions correspondent new- york receive balance due please send newspapers office date. 1 daniel fowle n. hampshire adams nourse massachusetts solomon southwick rhodeisland josiah meigs connecticut dunlap claypoole pennsylvania frederick craig co. delaware william goddard maryland ann timothy south carolina james johnston georgia ``
14923,`` charles thomson william samuel johnson sir office secretary congress may 16th. 1789. 5th april 1781 ordinance passed establishing may 16 1789 courts trial piracies felonies committed high seas. 1 act ordained commit piracy felony high seas charged accessories shall enquired tried judged grand pettit juries. justices supreme superior courts judicature judge court admiralty respective states two constituted appointed judges hearing trying offenders. upon indictment order process judgment execution shall used done made every person indicted robbers murderers felons robbery murder felony done upon land laws state trial shall held accustomed. trial offence denied offender shall twelve lawful men county district precinct -- shall convicted offence verdict confession otherwise said court shall suffer pains death losses land goods chattles punishment authority convicted attainted robbery felony said offences done upon land shall utterly excluded benefit clergy taken away admitted like offence within body county land trial shall. doubt arisen whether words establishing courts court trial piracy c might held without judge admiralty brought congress ordinance passed 4th march 1783 remove doubt. 2 ordained causes commenced judge admiralty one court. thus business rested late congress. may proper however observe 6th sepr. 1785in pursuance motion mr pinckney 3 secy foreign affairs directed report congress draft ordinance instituting court punishment piracies felonies committed high seas manner states. consequence order secy made report 29th month enclose copy. 4 1st may 1786 report referred committee five 5 committee renewed 12th feby. 1787 time consisted mr dane mr johnson mr kean mr king mr benson 6 never reported. honor great respect sir obedient humble servt cha thomson may 19 1789 ``
14924,`` charles thomson george washington sir new york may 19. 1789 intended done honor waiting evening dampness weather prevents going abroad therefore take liberty enclosing opinion paragraph constitution pleased mention 1 result conference mr jay subject sea letters lights received examining laws pensylvania massachusetts touching naval officer collector customs duties. greatest respect honor may please president obedient humble servant cha thomson e n c l u r e clause constitution touching powers president viz. `` shall nominate advice consent senate shall appoint ambassadors public ministers consuls judges supreme court officers united states whose appointments herein otherwise provided shall established law.\ `` 2 appears ambassadors public minister consuls judges supreme court footing officers recognised constitution existence whose offices depend require law establishment though act necessary support power advice consent senate make treaties provided two thirds senators present concur treaties made may consequence thereof discretion nominate advice consent senate appoint ambassadors public ministers consuls consequent treaties. last words `` shall established law\ `` appear every rule construction confined `` officers united states whose appointments herein namely constitution otherwise provided. `` may 19 1789 next section .. navigator ``
14928,`` charles thomson john vining may 20 1789 1 mr thomson presents compliments mr vining hopes obvious reasons mr v excuse intering discussion subject mentioned note especially considered complex nature general government united states variety interests comprehended states composed necessity reconciling one another general government form one united nation mention indians live within territories united states rights claims must attended fail suggest enlightened body mr vining member care domestic affairs preserving peace harmony home much importance may require much time attention abilities departments brought ``
14929,`` roger alden david humphreys dear sir 1 friday may 29th. 1789 mr thompson requested transmit president set journal congress bound particularly. kind receive deliver much oblige friend humble servant r alden ``
14930,"`` charles thomson board treasury gentlemen july 17 1789. seen paper words following viz -- joseph hardy esqr accountant. sr. examined accot. chas. thomson esqr. secretary late congress commencing 1 april ending 30th june 1789 1 find charges salary `` secretary\ `` salaries roger alden depty. secretary benjamin bankson john fisher clerks time amount dollrs. 1,075 ditto pay james mathews 1 may 1788 1 march 1789 taking care secretarys office 40. amount sundry contingent accounts dollrs. 34 24/90 deduct amount two charges mclean 's 5/ equal 60 dollars 3,354. dollars 114 51/90. n b mr. thomson hath allowed salary secretary late congress 31 march 1789 hath recognised present congress appear authority admission charges propriety rejection beg leave submit consideration. signed jno. woodside clk accts. approved j. hardy acct. desire know imports. account hereby rejected. clerk submits propriety rejecting accountant reason says `` hath recognised present congress appear authority admission charges.\ `` accountant writes approved. approved. clerks submitting propriety rejecting account consideration. rejection approved. latter beg leave ask accounts officers of- july 17 1789 fices late congress passed. officers recognised present congress. distinction. truth offices papers care custody respective officers late congress must regularly till relieved discharged trust. officers done business respective offices considered authorised. presume case others case respect office secretary congress. whether office distinguished rest officers therein refused payments salaries thus detained submitted judgment gentlemen humble serv cha thomson 2 ``"
14931,`` charles thomson george washington president united states america sir july 23. 1789 honor serving quality secretary congress first meeting congress 1774 present time period almost fifteen years seen eventful period interposition divine providence rights country asserted vindicated independence declared acknowledged fixed peace tranquility restored consequence thereof rapid advance arts manufactures population lastly government established gives well grounded hopes promoting lasting welfare securing freedom happiness. wish return private life. intent present self surrender charge books records papers late congress custody deposited rooms house legislature assemble deliver hands great seal federal union keeping one duties office seal admiralty committed care board dissolved. 1 july 25 1789 retire beg leave recommend favour mr roger alden appointed late congress deputy secretary found able faithful assistant mr john fisher served clerk office several years diligence fidelity alone remains unemployed. sincere ardent wishes prosperity country fervent prayer health happiness bid affectionate farewell cha thomson 2 ``
14932,`` charles thomson george washington president united states america sir new york july 25. 1789 find words express feelings heart receipt favour yesterday 1 repeated instance goodness. shall ever retain grateful remembrance condescension former occasion presence administered balm wounded spirit. love veneration bear continually felt light always viewed raised providence saviour father country freely confess highly gratified devoting public service administration. attentively observing weighing circumstances occurrences appeared god return private life. impression though wished merely submit submit cheerfulness felt uneasiness circumstance mention pleased say regret period coming public life exactly retire consolation sensible occurred world must convinced know july 25 1789 retiring spring disapproval past conduct unwillingness serve. thank testimonial given favour shall ever prize next consciousness done duty country utmost knowledge abilities. agreeably desire delivered mr roger alden books records papers late congress enclose receipt. wait upon receive great seal federal union seal admiralty honor delivering hands thank mark favour execute orders shall please give. know goodness excuse liberty took recommending favour remained last 2 beg believe done without wish deviate line conduct know marked wisdom sure pursue steadiness discharging great trust reposed. sentiments sincere esteem respect honor sir obedient humble servant cha thomson e n c l u r e acknowledge received charles thomson late secretary congress books records papers late congress custody deposited rooms house legislature united states assemble -- agreeably request president united states america take charge farther directions shall given. roger alden new york. july 25th. 1789 ``
